{"cameraMode":{"drawMode":0,"name":"Shaded","section":"Shading Mode"},"sceneLighting":true,"audioPlay":false,"sceneViewState":{"showFog":true,"showMaterialUpdate":false,"showSkybox":true,"showFlares":true,"showImageEffects":true,"showParticleSystems":true},"in2DMode":false,"pivot":{"x":0.3368644714355469,"y":1.6535189151763917,"z":0.385159969329834},"rotation":{"x":-0.1722959280014038,"y":-0.3030129671096802,"z":0.05579956993460655,"w":-0.9356228113174439},"size":6.607396125793457,"orthographic":false}