{"cameraMode":{"drawMode":0,"name":"Shaded","section":"Shading Mode"},"sceneLighting":true,"audioPlay":false,"sceneViewState":{"showFog":true,"showMaterialUpdate":false,"showSkybox":true,"showFlares":true,"showImageEffects":true,"showParticleSystems":true},"in2DMode":false,"pivot":{"x":0.9116902351379395,"y":-0.1340838372707367,"z":0.10222003608942032},"rotation":{"x":0.06268458813428879,"y":0.7022244930267334,"z":-0.062309447675943378,"w":0.7064498066902161},"size":1.2846903800964356,"orthographic":false}