{"cameraMode":{"drawMode":0,"name":"Shaded","section":"Shading Mode"},"sceneLighting":true,"audioPlay":false,"sceneViewState":{"showFog":true,"showMaterialUpdate":false,"showSkybox":true,"showFlares":true,"showImageEffects":true,"showParticleSystems":true},"in2DMode":false,"pivot":{"x":34.056697845458987,"y":-18.27349090576172,"z":26.25229263305664},"rotation":{"x":-0.19087320566177369,"y":-0.4276939928531647,"z":0.09290832281112671,"w":-0.8786478638648987},"size":25.303369522094728,"orthographic":false}